{
    "train_loss": 0.03948403446211892,
    "valid_loss": 0.06723707178607582,
    "train_accuracy": 0.9872699122656116,
    "valid_accuracy": 0.9752293577981651,
    "train_auroc": 0.9939609277539081,
    "valid_auroc": 0.972477421364061,
    "train_auprc": 0.9316473082770369,
    "valid_auprc": 0.8978195335508047
}