{
    "1": {
        "train_loss": 0.27191502886104496,
        "valid_loss": 0.262624574133328,
        "train_accuracy": 0.9254544411950226,
        "valid_accuracy": 0.9302752293577982,
        "train_auroc": 0.5195868555169756,
        "valid_auroc": 0.5805174919547389,
        "train_auprc": 0.07538652505047848,
        "valid_auprc": 0.09967619624032817
    },
    "2": {
        "train_loss": 0.24188451782796846,
        "valid_loss": 0.2358442676918847,
        "train_accuracy": 0.9305579448362865,
        "valid_accuracy": 0.9302752293577982,
        "train_auroc": 0.6631526755297701,
        "valid_auroc": 0.7908426762171702,
        "train_auprc": 0.13039597801937755,
        "valid_auprc": 0.2012277772349613
    },
    "3": {
        "train_loss": 0.2022383641519826,
        "valid_loss": 0.1393626896398408,
        "train_accuracy": 0.9309593439990825,
        "valid_accuracy": 0.9288990825688074,
        "train_auroc": 0.8268636117814945,
        "valid_auroc": 0.959585539292017,
        "train_auprc": 0.29844209658900067,
        "valid_auprc": 0.5219577646404352
    },
    "4": {
        "train_loss": 0.1356012622924733,
        "valid_loss": 0.1581419561058283,
        "train_accuracy": 0.9365215895406847,
        "valid_accuracy": 0.9302752293577982,
        "train_auroc": 0.9436046250102026,
        "valid_auroc": 0.972701261289318,
        "train_auprc": 0.5138399910246821,
        "valid_auprc": 0.5842775687072126
    },
    "5": {
        "train_loss": 0.1148733305761884,
        "valid_loss": 0.09750679566391877,
        "train_accuracy": 0.9458684557600779,
        "valid_accuracy": 0.9555045871559633,
        "train_auroc": 0.9603397508297837,
        "valid_auroc": 0.9777911865462472,
        "train_auprc": 0.5850344133528628,
        "valid_auprc": 0.6329397399700211
    },
    "6": {
        "train_loss": 0.10537016696736708,
        "valid_loss": 0.08994663919189147,
        "train_accuracy": 0.9503411892883766,
        "valid_accuracy": 0.9637614678899082,
        "train_auroc": 0.966580455389315,
        "valid_auroc": 0.9817554240631163,
        "train_auprc": 0.637043695710452,
        "valid_auprc": 0.6827234953174267
    },
    "7": {
        "train_loss": 0.10103505611719885,
        "valid_loss": 0.08740060116563525,
        "train_accuracy": 0.9564768622054017,
        "valid_accuracy": 0.9628440366972477,
        "train_auroc": 0.9692084431858404,
        "valid_auroc": 0.982131734662099,
        "train_auprc": 0.641261350490633,
        "valid_auprc": 0.6953654012584864
    },
    "8": {
        "train_loss": 0.09742525589717177,
        "valid_loss": 0.20453066623636654,
        "train_accuracy": 0.9585985434944664,
        "valid_accuracy": 0.9307339449541284,
        "train_auroc": 0.9699131767441943,
        "valid_auroc": 0.9746736478770891,
        "train_auprc": 0.6663150801323408,
        "valid_auprc": 0.6208991870412949
    },
    "9": {
        "train_loss": 0.09324930573475886,
        "valid_loss": 0.08831968153161662,
        "train_accuracy": 0.9571649750559091,
        "valid_accuracy": 0.9651376146788991,
        "train_auroc": 0.9742738030953219,
        "valid_auroc": 0.9839419184054812,
        "train_auprc": 0.695072950357606,
        "valid_auprc": 0.7303947655889054
    },
    "10": {
        "train_loss": 0.09002920310439426,
        "valid_loss": 0.08896638035242047,
        "train_accuracy": 0.9613509948964963,
        "valid_accuracy": 0.9610091743119266,
        "train_auroc": 0.9750361640593468,
        "valid_auroc": 0.986543652029482,
        "train_auprc": 0.7084168695019466,
        "valid_auprc": 0.7588616908808302
    },
    "11": {
        "train_loss": 0.08759363188029645,
        "valid_loss": 0.08095227016934327,
        "train_accuracy": 0.9628992488101382,
        "valid_accuracy": 0.9697247706422019,
        "train_auroc": 0.9767277383169276,
        "valid_auroc": 0.9873773746496418,
        "train_auprc": 0.7217890115161004,
        "valid_auprc": 0.8207905225039532
    },
    "12": {
        "train_loss": 0.08739137200590892,
        "valid_loss": 0.12941611390560864,
        "train_accuracy": 0.9635873616606456,
        "valid_accuracy": 0.9472477064220184,
        "train_auroc": 0.9770423610535827,
        "valid_auroc": 0.985103290771307,
        "train_auprc": 0.7230404490737761,
        "valid_auprc": 0.759333995645125
    },
    "13": {
        "train_loss": 0.08438908278382633,
        "valid_loss": 0.07175761003579412,
        "train_accuracy": 0.9646768736739492,
        "valid_accuracy": 0.9752293577981651,
        "train_auroc": 0.9779890788306272,
        "valid_auroc": 0.9885355029585798,
        "train_auprc": 0.7445589525557124,
        "valid_auprc": 0.8310676498614381
    },
    "14": {
        "train_loss": 0.08202831477827423,
        "valid_loss": 0.07544727357370513,
        "train_accuracy": 0.9659384138998796,
        "valid_accuracy": 0.9715596330275229,
        "train_auroc": 0.9780720215866917,
        "valid_auroc": 0.9877374649641856,
        "train_auprc": 0.7470625255158976,
        "valid_auprc": 0.8288897376705726
    },
    "15": {
        "train_loss": 0.08060429001998007,
        "valid_loss": 0.09038248952212079,
        "train_accuracy": 0.9669705831756408,
        "valid_accuracy": 0.9614678899082569,
        "train_auroc": 0.9808805243691924,
        "valid_auroc": 0.9887723191113879,
        "train_auprc": 0.7782518349986309,
        "valid_auprc": 0.8474036685608937
    },
    "16": {
        "train_loss": 0.07765660597686912,
        "valid_loss": 0.09944571160844394,
        "train_accuracy": 0.9670279259131831,
        "valid_accuracy": 0.9637614678899082,
        "train_auroc": 0.9804976646780081,
        "valid_auroc": 0.9889410100695526,
        "train_auprc": 0.7826598157539961,
        "valid_auprc": 0.8571949748580143
    },
    "17": {
        "train_loss": 0.07717468948427574,
        "valid_loss": 0.07515093694840158,
        "train_accuracy": 0.9693216354148747,
        "valid_accuracy": 0.9665137614678899,
        "train_auroc": 0.9816395777999999,
        "valid_auroc": 0.9897714886328246,
        "train_auprc": 0.7797856867360177,
        "valid_auprc": 0.888701885478206
    },
    "18": {
        "train_loss": 0.07774708126654555,
        "valid_loss": 0.09658277581578918,
        "train_accuracy": 0.9682894661391135,
        "valid_accuracy": 0.9610091743119266,
        "train_auroc": 0.9804074453488653,
        "valid_auroc": 0.9886879736323055,
        "train_auprc": 0.785876079776937,
        "valid_auprc": 0.8599680257085608
    },
    "19": {
        "train_loss": 0.0738291821524419,
        "valid_loss": 0.09811013513909919,
        "train_accuracy": 0.9700097482653822,
        "valid_accuracy": 0.963302752293578,
        "train_auroc": 0.9837859124323967,
        "valid_auroc": 0.9912637548012042,
        "train_auprc": 0.7959099651031966,
        "valid_auprc": 0.9003424184238894
    },
    "20": {
        "train_loss": 0.0722769507148982,
        "valid_loss": 0.0733211849150913,
        "train_accuracy": 0.9708698893285166,
        "valid_accuracy": 0.9770642201834863,
        "train_auroc": 0.9838039257671491,
        "valid_auroc": 0.9906214315374234,
        "train_auprc": 0.8025499678064834,
        "valid_auprc": 0.9125128910804132
    },
    "21": {
        "train_loss": 0.07177476014518913,
        "valid_loss": 0.06604562323274357,
        "train_accuracy": 0.9708125465909743,
        "valid_accuracy": 0.9761467889908257,
        "train_auroc": 0.9832834218089986,
        "valid_auroc": 0.9910236945915083,
        "train_auprc": 0.8276793518693728,
        "valid_auprc": 0.896967405995356
    },
    "22": {
        "train_loss": 0.06722730376344897,
        "valid_loss": 0.07263241208025388,
        "train_accuracy": 0.9736223407305464,
        "valid_accuracy": 0.9706422018348624,
        "train_auroc": 0.9855992547975007,
        "valid_auroc": 0.990984765908855,