{
    "1": {
        "train_loss": 0.27274564877425356,
        "valid_loss": 0.26778845701898846,
        "train_accuracy": 0.9254544411950226,
        "valid_accuracy": 0.9302752293577982,
        "train_auroc": 0.5104342750406216,
        "valid_auroc": 0.5367940932212187,
        "train_auprc": 0.07159681596873589,
        "valid_auprc": 0.08121116026465258
    },
    "2": {
        "train_loss": 0.2564171777267159,
        "valid_loss": 0.2681152416127069,
        "train_accuracy": 0.9305579448362865,
        "valid_accuracy": 0.9302752293577982,
        "train_auroc": 0.5150679509801187,
        "valid_auroc": 0.5016155403301152,
        "train_auprc": 0.07328744362962449,
        "valid_auprc": 0.07305728038487083
    },
    "3": {
        "train_loss": 0.2425629274967389,
        "valid_loss": 0.2402565681508609,
        "train_accuracy": 0.9305579448362865,
        "valid_accuracy": 0.9302752293577982,
        "train_auroc": 0.652963666798493,
        "valid_auroc": 0.75763326585695,
        "train_auprc": 0.12652602452886025,
        "valid_auprc": 0.20711463650854053
    },
    "4": {
        "train_loss": 0.1877462144245158,
        "valid_loss": 0.12514506333640643,
        "train_accuracy": 0.9310740294741671,
        "valid_accuracy": 0.9321100917431193,
        "train_auroc": 0.8639412118028253,
        "valid_auroc": 0.9616163189037682,
        "train_auprc": 0.32999913305520423,
        "valid_auprc": 0.5073463080232028
    },
    "5": {
        "train_loss": 0.1276475575244252,
        "valid_loss": 0.1084533551973956,
        "train_accuracy": 0.9435747462583863,
        "valid_accuracy": 0.9490825688073394,
        "train_auroc": 0.9517667519433538,
        "valid_auroc": 0.9760329077130697,
        "train_auprc": 0.55435341537284,
        "valid_auprc": 0.6172023374406431
    },
    "6": {
        "train_loss": 0.11117373081435869,
        "valid_loss": 0.09647935533097812,
        "train_accuracy": 0.9459831412351626,
        "valid_accuracy": 0.9568807339449541,
        "train_auroc": 0.9630160540538449,
        "valid_auroc": 0.977126154884252,
        "train_auprc": 0.5909043484489012,
        "valid_auprc": 0.6137066621364069
    },
    "7": {
        "train_loss": 0.10261578086913724,
        "valid_loss": 0.09134850677634988,
        "train_accuracy": 0.9536097253282871,
        "valid_accuracy": 0.9577981651376147,
        "train_auroc": 0.9691949077422126,
        "valid_auroc": 0.9815770009342885,
        "train_auprc": 0.6336290800593933,
        "valid_auprc": 0.6781623867093357
    },
    "8": {
        "train_loss": 0.10117701958223577,
        "valid_loss": 0.10364819381918226,
        "train_accuracy": 0.9549286082917599,
        "valid_accuracy": 0.9513761467889909,
        "train_auroc": 0.9701881854099316,
        "valid_auroc": 0.9764254385964912,
        "train_auprc": 0.6474149307994528,
        "valid_auprc": 0.6111405640199783
    },
    "9": {
        "train_loss": 0.09346781430881976,
        "valid_loss": 0.08480901239173753,
        "train_accuracy": 0.9585412007569242,
        "valid_accuracy": 0.9646788990825688,
        "train_auroc": 0.9738874323304144,
        "valid_auroc": 0.9847237361154366,
        "train_auprc": 0.7041121246657337,
        "valid_auprc": 0.7467314197398668
    },
    "10": {
        "train_loss": 0.09010452108505444,
        "valid_loss": 0.08563458648111139,
        "train_accuracy": 0.9603188256207351,
        "valid_accuracy": 0.9660550458715597,
        "train_auroc": 0.9766075985334498,
        "valid_auroc": 0.9829751894529223,
        "train_auprc": 0.7091741111427996,
        "valid_auprc": 0.766417351570739
    },
    "11": {
        "train_loss": 0.0868176739976738,
        "valid_loss": 0.0832488157919475,
        "train_accuracy": 0.9628992488101382,
        "valid_accuracy": 0.9678899082568807,
        "train_auroc": 0.9766196837509747,
        "valid_auroc": 0.9848891830167134,
        "train_auprc": 0.7293280696478646,
        "valid_auprc": 0.7400714320047977
    },
    "12": {
        "train_loss": 0.0885214270553091,
        "valid_loss": 0.1200992150498288,
        "train_accuracy": 0.961465680371581,
        "valid_accuracy": 0.95,
        "train_auroc": 0.9771646888974964,
        "valid_auroc": 0.9843798660853317,
        "train_auprc": 0.7228104234390721,
        "valid_auprc": 0.7909704881606303
    },
    "13": {
        "train_loss": 0.08325499111288415,
        "valid_loss": 0.08357118185875671,
        "train_accuracy": 0.9642181317736108,
        "valid_accuracy": 0.9678899082568807,
        "train_auroc": 0.9797033987397179,
        "valid_auroc": 0.986900498287138,
        "train_auprc": 0.7433988735292273,
        "valid_auprc": 0.7976058782837157
    },
    "14": {
        "train_loss": 0.07994128929471576,
        "valid_loss": 0.09132697497095381,
        "train_accuracy": 0.9664544985377602,
        "valid_accuracy": 0.9587155963302753,
        "train_auroc": 0.9809704383875765,
        "valid_auroc": 0.9832703986297104,
        "train_auprc": 0.7606574581212725,
        "valid_auprc": 0.7341927603881128
    },
    "15": {
        "train_loss": 0.0804049657186964,
        "valid_loss": 0.08066607417006577,
        "train_accuracy": 0.9665118412753024,
        "valid_accuracy": 0.9697247706422019,
        "train_auroc": 0.9808673451214496,
        "valid_auroc": 0.9867090989307589,
        "train_auprc": 0.7682718470522687,
        "valid_auprc": 0.8212959191479807
    },
    "16": {
        "train_loss": 0.0774212670290754,
        "valid_loss": 0.11977243713502372,
        "train_accuracy": 0.9675440105510638,
        "valid_accuracy": 0.9564220183486238,
        "train_auroc": 0.9812818044761408,
        "valid_auroc": 0.980289110349839,
        "train_auprc": 0.7762640217473176,
        "valid_auprc": 0.7129233755858545
    },
    "17": {
        "train_loss": 0.0772432405672176,
        "valid_loss": 0.079216832028968,
        "train_accuracy": 0.9678880669763175,
        "valid_accuracy": 0.9688073394495413,
        "train_auroc": 0.9825165320687225,
        "valid_auroc": 0.985518530052943,
        "train_auprc": 0.7873081532359383,
        "valid_auprc": 0.8046122517887206
    },
    "18": {
        "train_loss": 0.07490080346663792,
        "valid_loss": 0.070029488977577,
        "train_accuracy": 0.9694936636275016,
        "valid_accuracy": 0.9743119266055046,
        "train_auroc": 0.9827074530630505,
        "valid_auroc": 0.9879288643205647,
        "train_auprc": 0.8058871515304628,
        "valid_auprc": 0.8690564809006847
    },
    "19": {
        "train_loss": 0.07054027366271112,
        "valid_loss": 0.13232536959861005,
        "train_accuracy": 0.9705258329032628,
        "valid_accuracy": 0.9522935779816514,
        "train_auroc": 0.985603172952235,
        "valid_auroc": 0.9872897851136717,
        "train_auprc": 0.8133145283475011,
        "valid_auprc": 0.8710423875802101
    },
    "20": {
        "train_loss": 0.06961323092981572,
        "valid_loss": 0.08470069390854665,
        "train_accuracy": 0.9720167440793623,
        "valid_accuracy": 0.9715596330275229,
        "train_auroc": 0.9860744709931374,
        "valid_auroc": 0.9882175853835772,
        "train_auprc": 0.8321114036293841,
        "valid_auprc": 0.8915183508983696
    },
    "21": {
        "train_loss": 0.07141638491916788,
        "valid_loss": 0.06502107131694045,
        "train_accuracy": 0.9728195424049544,
        "valid_accuracy": 0.9752293577981651,
        "train_auroc": 0.9843220890094844,
        "valid_auroc": 0.9879418405481158,
        "train_auprc": 0.8299427194660022,
        "valid_auprc": 0.8917836053523704
    },
    "22": {
        "train_loss": 0.06459785468924122,
        "valid_loss": 0.0716191909275949,
        "train_accuracy": 0.9739090544182579,
        "valid_accuracy": 0.9747706422018348,
        "train_auroc": 0.9875124846657672,
        "valid_auroc": 0.9869653794248936,
        "train_auprc": 0.857680239320376,