{
    "1": {
        "train_loss": 0.32998498599894727,
        "valid_loss": 0.2577103359831704,
        "train_accuracy": 0.9121509260852113,
        "valid_accuracy": 0.9302752293577982,
        "train_auroc": 0.5154613693350352,
        "valid_auroc": 0.7153145437558392,
        "train_auprc": 0.07042706946118196,
        "valid_auprc": 0.14075074170001023
    },
    "2": {
        "train_loss": 0.23558303256974603,
        "valid_loss": 0.2585635499821769,
        "train_accuracy": 0.9305006020987442,
        "valid_accuracy": 0.9302752293577982,
        "train_auroc": 0.7068477335866463,
        "valid_auroc": 0.720011938129347,
        "train_auprc": 0.13890657171761311,
        "valid_auprc": 0.13583663211337477
    },
    "3": {
        "train_loss": 0.21300727264942043,
        "valid_loss": 0.19080801929036775,
        "train_accuracy": 0.9305579448362865,
        "valid_accuracy": 0.9298165137614679,
        "train_auroc": 0.7989237592221659,
        "valid_auroc": 0.9351285944150317,
        "train_auprc": 0.2336571248018118,
        "valid_auprc": 0.4935660461648792
    },
    "4": {
        "train_loss": 0.14251231728461536,
        "valid_loss": 0.14419853004316488,
        "train_accuracy": 0.9399621537932221,
        "valid_accuracy": 0.944954128440367,
        "train_auroc": 0.9365372661294147,
        "valid_auroc": 0.972821291394166,
        "train_auprc": 0.523482751791877,
        "valid_auprc": 0.6584170130791132
    },
    "5": {
        "train_loss": 0.11611619431280741,
        "valid_loss": 0.11027394442094697,
        "train_accuracy": 0.9481048225242273,
        "valid_accuracy": 0.9577981651376147,
        "train_auroc": 0.9602737273782537,
        "valid_auroc": 0.9765843973839925,
        "train_auprc": 0.6020202179071005,
        "valid_auprc": 0.6294133113334336
    },
    "6": {
        "train_loss": 0.10633455208727043,
        "valid_loss": 0.10395746822986338,
        "train_accuracy": 0.9511439876139687,
        "valid_accuracy": 0.9587155963302753,
        "train_auroc": 0.9665109463066252,
        "valid_auroc": 0.9760556161112841,
        "train_auprc": 0.6382737698845935,
        "valid_auprc": 0.6411115594630893
    },
    "7": {
        "train_loss": 0.09723855769873535,
        "valid_loss": 0.10151168859253328,
        "train_accuracy": 0.9584838580193819,
        "valid_accuracy": 0.9628440366972477,
        "train_auroc": 0.9720978024342223,
        "valid_auroc": 0.9794683639572304,
        "train_auprc": 0.6689405045104826,
        "valid_auprc": 0.6546364533011565
    },
    "8": {
        "train_loss": 0.09584340143160228,
        "valid_loss": 0.10122980301578839,
        "train_accuracy": 0.958713228969551,
        "valid_accuracy": 0.9564220183486238,
        "train_auroc": 0.9742198903038798,
        "valid_auroc": 0.9782648188518634,
        "train_auprc": 0.6861960597528896,
        "valid_auprc": 0.6497268204253704
    },
    "9": {
        "train_loss": 0.09012972536313273,
        "valid_loss": 0.13488342675069967,
        "train_accuracy": 0.9624978496473422,
        "valid_accuracy": 0.9541284403669725,
        "train_auroc": 0.9749545443165689,
        "valid_auroc": 0.9838705491539499,
        "train_auprc": 0.7041873164001899,
        "valid_auprc": 0.7344801243840524
    },
    "10": {
        "train_loss": 0.08301042587272008,
        "valid_loss": 0.11781208744893472,
        "train_accuracy": 0.9642754745111531,
        "valid_accuracy": 0.9660550458715597,
        "train_auroc": 0.9794722276103914,
        "valid_auroc": 0.9783199678189557,
        "train_auprc": 0.7384937919731664,
        "valid_auprc": 0.741049865118699
    },
    "11": {
        "train_loss": 0.08317410304163494,
        "valid_loss": 0.0948293169753419,
        "train_accuracy": 0.9658810711623372,
        "valid_accuracy": 0.9513761467889909,
        "train_auroc": 0.9779944980965909,
        "valid_auroc": 0.9839029897228277,
        "train_auprc": 0.7465026219549653,
        "valid_auprc": 0.7489776559733374
    },
    "12": {
        "train_loss": 0.08118366934087155,
        "valid_loss": 0.08924184967246321,
        "train_accuracy": 0.9651356155742875,
        "valid_accuracy": 0.960091743119266,
        "train_auroc": 0.9790310790068932,
        "valid_auroc": 0.9840846569085435,
        "train_auprc": 0.7641900310077766,
        "valid_auprc": 0.7521566426332033
    },
    "13": {
        "train_loss": 0.07809530285588145,
        "valid_loss": 0.09661896692381965,
        "train_accuracy": 0.9676586960261483,
        "valid_accuracy": 0.9747706422018348,
        "train_auroc": 0.9819835103694728,
        "valid_auroc": 0.9845907297830374,
        "train_auprc": 0.7850135101719696,
        "valid_auprc": 0.8484398003437051
    },
    "14": {
        "train_loss": 0.07502372755947774,
        "valid_loss": 0.0761785361294945,
        "train_accuracy": 0.9688628935145364,
        "valid_accuracy": 0.9743119266055046,
        "train_auroc": 0.983879591950136,
        "valid_auroc": 0.9832703986297106,
        "train_auprc": 0.7978820737935681,
        "valid_auprc": 0.8222399664104763
    },
    "15": {
        "train_loss": 0.07481171423229423,
        "valid_loss": 0.09148955981557567,
        "train_accuracy": 0.9698950627902976,
        "valid_accuracy": 0.9711009174311926,
        "train_auroc": 0.9830541843144768,
        "valid_auroc": 0.9862873715353473,
        "train_auprc": 0.8067579427690914,
        "valid_auprc": 0.7755144213445972
    },
    "16": {
        "train_loss": 0.07110554669188322,
        "valid_loss": 0.22051924291170305,
        "train_accuracy": 0.9713286312288548,
        "valid_accuracy": 0.9522935779816514,
        "train_auroc": 0.9836709120466873,
        "valid_auroc": 0.9773240423544067,
        "train_auprc": 0.8290547499795445,
        "valid_auprc": 0.8127217437222274
    },
    "17": {
        "train_loss": 0.06751072408808191,
        "valid_loss": 0.06636638339194986,
        "train_accuracy": 0.9732209415677504,
        "valid_accuracy": 0.9770642201834863,
        "train_auroc": 0.9864356281779033,
        "valid_auroc": 0.9897098515519568,
        "train_auprc": 0.844993449844762,
        "valid_auprc": 0.8855230327912725
    },
    "18": {
        "train_loss": 0.06323400120774325,
        "valid_loss": 0.07524203281435701,
        "train_accuracy": 0.9749985664315615,
        "valid_accuracy": 0.9688073394495413,
        "train_auroc": 0.9878650677067314,
        "valid_auroc": 0.9852914460707983,
        "train_auprc": 0.8648859687672388,
        "valid_auprc": 0.8982642398071015
    },
    "19": {
        "train_loss": 0.06495633520131563,
        "valid_loss": 0.11345558292749855,
        "train_accuracy": 0.9748838809564768,
        "valid_accuracy": 0.9660550458715597,
        "train_auroc": 0.9858400941008466,
        "valid_auroc": 0.9900829180940516,
        "train_auprc": 0.8594708107266602,
        "valid_auprc": 0.8668514427594086
    },
    "20": {
        "train_loss": 0.0651125041156137,
        "valid_loss": 0.06294510544588168,
        "train_accuracy": 0.9744824817936808,
        "valid_accuracy": 0.978440366972477,
        "train_auroc": 0.9868491461577558,
        "valid_auroc": 0.991714678708606,
        "train_auprc": 0.8595035667653145,
        "valid_auprc": 0.9058589420789241
    },
    "21": {
        "train_loss": 0.06162405404241851,
        "valid_loss": 0.06139135288281573,
        "train_accuracy": 0.9771202477206262,
        "valid_accuracy": 0.9761467889908257,
        "train_auroc": 0.9879151386711288,
        "valid_auroc": 0.9892848800996574,
        "train_auprc": 0.8818976679939292,
        "valid_auprc": 0.8978283292292736
    },
    "22": {
        "train_loss": 0.05585475766990524,
        "valid_loss": 0.06717881777634223,
        "train_accuracy": 0.9784964734216411,
        "valid_accuracy": 0.9706422018348624,
        "train_auroc": 0.988465410428235,
        "valid_auroc": 0.9908906882591093,