{
    "1": {
        "train_loss": 0.4612049053620248,
        "valid_loss": 0.4044441282749176,
        "train_accuracy": 0.8750501748953495,
        "valid_accuracy": 0.9243119266055045,
        "train_auroc": 0.49262557482383057,
        "valid_auroc": 0.6241841196927229,
        "train_auprc": 0.06832675867140364,
        "valid_auprc": 0.09217425934436761
    },
    "2": {
        "train_loss": 0.2815535030987141,
        "valid_loss": 0.2857040332423316,
        "train_accuracy": 0.9305579448362865,
        "valid_accuracy": 0.9302752293577982,
        "train_auroc": 0.5289161854799496,
        "valid_auroc": 0.6723372781065088,
        "train_auprc": 0.07539291309794699,
        "valid_auprc": 0.12009720900484054
    },
    "3": {
        "train_loss": 0.248793842366142,
        "valid_loss": 0.24679218563768598,
        "train_accuracy": 0.9305579448362865,
        "valid_accuracy": 0.9302752293577982,
        "train_auroc": 0.6521858113134734,
        "valid_auroc": 0.7725332191425309,
        "train_auprc": 0.11278726634386152,
        "valid_auprc": 0.18263052640488248
    },
    "4": {
        "train_loss": 0.21485074071118432,
        "valid_loss": 0.17079383300410378,
        "train_accuracy": 0.9307873157864557,
        "valid_accuracy": 0.9431192660550459,
        "train_auroc": 0.795326536980155,
        "valid_auroc": 0.9493018789577494,
        "train_auprc": 0.2567305851376709,
        "valid_auprc": 0.5470152112370674
    },
    "5": {
        "train_loss": 0.13713183879417223,
        "valid_loss": 0.116178750163979,
        "train_accuracy": 0.9427719479327943,
        "valid_accuracy": 0.9587155963302753,
        "train_auroc": 0.9513605359791429,
        "valid_auroc": 0.9758058237309248,
        "train_auprc": 0.5717263527804434,
        "valid_auprc": 0.6467289613028088
    },
    "6": {
        "train_loss": 0.10813933219352778,
        "valid_loss": 0.10203742753300402,
        "train_accuracy": 0.953953781753541,
        "valid_accuracy": 0.9573394495412844,
        "train_auroc": 0.9655775858752659,
        "valid_auroc": 0.9802209851551956,
        "train_auprc": 0.6558383218866395,
        "valid_auprc": 0.6681407770393888
    },
    "7": {
        "train_loss": 0.09920788540022217,
        "valid_loss": 0.1405912364522616,
        "train_accuracy": 0.9594586845576007,
        "valid_accuracy": 0.9252293577981652,
        "train_auroc": 0.9698126022918253,
        "valid_auroc": 0.9749818332814284,
        "train_auprc": 0.6752942541770846,
        "valid_auprc": 0.6276106502668344
    },
    "8": {
        "train_loss": 0.0948641289596575,
        "valid_loss": 0.1177711933851242,
        "train_accuracy": 0.9597453982453122,
        "valid_accuracy": 0.944954128440367,
        "train_auroc": 0.9727994065573015,
        "valid_auroc": 0.9760848126232742,
        "train_auprc": 0.7075489348736552,
        "valid_auprc": 0.651024343654413
    },
    "9": {
        "train_loss": 0.08350457313613299,
        "valid_loss": 0.08580826988650693,
        "train_accuracy": 0.9650782728367452,
        "valid_accuracy": 0.9669724770642202,
        "train_auroc": 0.9788726736083477,
        "valid_auroc": 0.984538824872833,
        "train_auprc": 0.7475612498531,
        "valid_auprc": 0.7284073805575915
    },
    "10": {
        "train_loss": 0.07988128781209897,
        "valid_loss": 0.09096245612535211,
        "train_accuracy": 0.9663398130626756,
        "valid_accuracy": 0.9642201834862385,
        "train_auroc": 0.9807314818339082,
        "valid_auroc": 0.9866831464756566,
        "train_auprc": 0.7537074733804794,
        "valid_auprc": 0.7896963850531494
    },
    "11": {
        "train_loss": 0.07880820403297017,
        "valid_loss": 0.08940514911794001,
        "train_accuracy": 0.968576179826825,
        "valid_accuracy": 0.9564220183486238,
        "train_auroc": 0.9808105318778018,
        "valid_auroc": 0.9832833748572615,
        "train_auprc": 0.7704774174475112,
        "valid_auprc": 0.7542686220745882
    },
    "12": {
        "train_loss": 0.0755333169941267,
        "valid_loss": 0.0966010292371114,
        "train_accuracy": 0.9708125465909743,
        "valid_accuracy": 0.9646788990825688,
        "train_auroc": 0.9800765648143193,
        "valid_auroc": 0.9839256981210422,
        "train_auprc": 0.7877343523636239,
        "valid_auprc": 0.7146962222346095
    },
    "13": {
        "train_loss": 0.07379724175064233,
        "valid_loss": 0.0753331006401115,
        "train_accuracy": 0.9703538046906359,
        "valid_accuracy": 0.9655963302752294,
        "train_auroc": 0.9820163821611402,
        "valid_auroc": 0.9877147565659712,
        "train_auprc": 0.7949176133647822,
        "valid_auprc": 0.8152783021543728
    },
    "14": {
        "train_loss": 0.07047043339668835,
        "valid_loss": 0.07225208605329196,
        "train_accuracy": 0.9718447158667355,
        "valid_accuracy": 0.968348623853211,
        "train_auroc": 0.9838568971837525,
        "valid_auroc": 0.9883862763417419,
        "train_auprc": 0.8115836202548711,
        "valid_auprc": 0.818028123105541
    },
    "15": {
        "train_loss": 0.06824038914629142,
        "valid_loss": 0.0787865850660536,
        "train_accuracy": 0.9731062560926659,
        "valid_accuracy": 0.9697247706422019,
        "train_auroc": 0.9856908480250566,
        "valid_auroc": 0.9863133239904495,
        "train_auprc": 0.8260654899329714,
        "valid_auprc": 0.757538164746362
    },
    "16": {
        "train_loss": 0.061855534241147286,
        "valid_loss": 0.07876563599954049,
        "train_accuracy": 0.9767761912953724,
        "valid_accuracy": 0.9724770642201835,
        "train_auroc": 0.9873444619783283,
        "valid_auroc": 0.9886749974047544,
        "train_auprc": 0.8519002435722142,
        "valid_auprc": 0.8500825103140752
    },
    "17": {
        "train_loss": 0.06117963761662262,
        "valid_loss": 0.0716498333753811,
        "train_accuracy": 0.9769482195079993,
        "valid_accuracy": 0.9697247706422019,
        "train_auroc": 0.986051063834984,
        "valid_auroc": 0.9898396138274681,
        "train_auprc": 0.8516164787138367,
        "valid_auprc": 0.8583350247969607
    },
    "18": {
        "train_loss": 0.058791323340613474,
        "valid_loss": 0.06712398905720976,
        "train_accuracy": 0.9778083605711336,
        "valid_accuracy": 0.976605504587156,
        "train_auroc": 0.988957876681728,
        "valid_auroc": 0.9899272033634382,
        "train_auprc": 0.8699893037507088,
        "valid_auprc": 0.8535779827954102
    },
    "19": {
        "train_loss": 0.054664624664579,
        "valid_loss": 0.08078764482504791,
        "train_accuracy": 0.9787831871093526,
        "valid_accuracy": 0.9688073394495413,
        "train_auroc": 0.9904049987919868,
        "valid_auroc": 0.9865306758019308,
        "train_auprc": 0.8823551484660082,
        "valid_auprc": 0.8406280370992966
    },
    "20": {
        "train_loss": 0.05678315686374685,
        "valid_loss": 0.07178774714055988,
        "train_accuracy": 0.9792419290096909,
        "valid_accuracy": 0.9669724770642202,
        "train_auroc": 0.9887947389664253,
        "valid_auroc": 0.9875363334371432,
        "train_auprc": 0.8806419887817695,
        "valid_auprc": 0.8660041322270993
    },
    "21": {
        "train_loss": 0.05263721518028174,
        "valid_loss": 0.06787415407598019,
        "train_accuracy": 0.9806754974482482,
        "valid_accuracy": 0.9711009174311926,
        "train_auroc": 0.9897775851832281,
        "valid_auroc": 0.9901445551749195,
        "train_auprc": 0.902075942683957,
        "valid_auprc": 0.8746897543989564
    },
    "22": {
        "train_loss": 0.0477473222256305,
        "valid_loss": 0.09152356462760104,
        "train_accuracy": 0.9819370376741786,
        "valid_accuracy": 0.9646788990825688,
        "train_auroc": 0.9905652360550837,
        "valid_auroc": 0.9785048790615593,