{
    "1": {
        "train_loss": 0.29497124787664764,
        "valid_loss": 0.2775476732187801,
        "train_accuracy": 0.9203509375537589,
        "valid_accuracy": 0.9302752293577982,
        "train_auroc": 0.5102159269631532,
        "valid_auroc": 0.5525958943216028,
        "train_auprc": 0.06992973004712248,
        "valid_auprc": 0.10101672913613513
    },
    "2": {
        "train_loss": 0.25457288237818837,
        "valid_loss": 0.2660703841182921,
        "train_accuracy": 0.9305579448362865,
        "valid_accuracy": 0.9302752293577982,
        "train_auroc": 0.5307861375481958,
        "valid_auroc": 0.7046351084812624,
        "train_auprc": 0.0793048028185381,
        "valid_auprc": 0.1240165013245351
    },
    "3": {
        "train_loss": 0.21773076655655882,
        "valid_loss": 0.1818655182917913,
        "train_accuracy": 0.9305006020987442,
        "valid_accuracy": 0.9302752293577982,
        "train_auroc": 0.7817950115071626,
        "valid_auroc": 0.9444098411709748,
        "train_auprc": 0.19718775962462,
        "valid_auprc": 0.44040042373632293
    },
    "4": {
        "train_loss": 0.13120875208482255,
        "valid_loss": 0.0994061670369572,
        "train_accuracy": 0.9373243878662767,
        "valid_accuracy": 0.960091743119266,
        "train_auroc": 0.9500750250303939,
        "valid_auroc": 0.974229212083463,
        "train_auprc": 0.5322615085367334,
        "valid_auprc": 0.6355886994047529
    },
    "5": {
        "train_loss": 0.10748165911131531,
        "valid_loss": 0.09002104898293813,
        "train_accuracy": 0.9499971328631229,
        "valid_accuracy": 0.9587155963302753,
        "train_auroc": 0.9641737670075903,
        "valid_auroc": 0.9784335098100281,
        "train_auprc": 0.6130226968166353,
        "valid_auprc": 0.6554673506439262
    },
    "6": {
        "train_loss": 0.10085635031335545,
        "valid_loss": 0.0961221634513802,
        "train_accuracy": 0.9528642697402374,
        "valid_accuracy": 0.955045871559633,
        "train_auroc": 0.969657250000865,
        "valid_auroc": 0.9755235907816879,
        "train_auprc": 0.6555181523289593,
        "valid_auprc": 0.6680113658282286
    },
    "7": {
        "train_loss": 0.09632208540926884,
        "valid_loss": 0.11551123816106054,
        "train_accuracy": 0.9572223177934515,
        "valid_accuracy": 0.941743119266055,
        "train_auroc": 0.9723055664053951,
        "valid_auroc": 0.9806102719817296,
        "train_auprc": 0.6807552843588398,
        "valid_auprc": 0.6866705155432793
    },
    "8": {
        "train_loss": 0.09489326004999397,
        "valid_loss": 0.0914378727061881,
        "train_accuracy": 0.9570502895808246,
        "valid_accuracy": 0.9623853211009175,
        "train_auroc": 0.9733103441116852,
        "valid_auroc": 0.9818819422817398,
        "train_auprc": 0.6875842362575939,
        "valid_auprc": 0.7047523978097345
    },
    "9": {
        "train_loss": 0.08752964192280804,
        "valid_loss": 0.08391620529194672,
        "train_accuracy": 0.9628992488101382,
        "valid_accuracy": 0.9655963302752294,
        "train_auroc": 0.9764731600294484,
        "valid_auroc": 0.9816451261289318,
        "train_auprc": 0.7111149385450815,
        "valid_auprc": 0.7136722955675001
    },
    "10": {
        "train_loss": 0.0865049869311552,
        "valid_loss": 0.10074277211808497,
        "train_accuracy": 0.962268478697173,
        "valid_accuracy": 0.9587155963302753,
        "train_auroc": 0.9758010692796925,
        "valid_auroc": 0.9759355860064362,
        "train_auprc": 0.7331711972927608,
        "valid_auprc": 0.715845769995658
    },
    "11": {
        "train_loss": 0.08840225786514526,
        "valid_loss": 0.09082716641326745,
        "train_accuracy": 0.961465680371581,
        "valid_accuracy": 0.9513761467889909,
        "train_auroc": 0.9763270433889332,
        "valid_auroc": 0.9843084968338005,
        "train_auprc": 0.7187108161674893,
        "valid_auprc": 0.7242870351694856
    },
    "12": {
        "train_loss": 0.08309676416598967,
        "valid_loss": 0.13752273780604204,
        "train_accuracy": 0.9647915591490338,
        "valid_accuracy": 0.9596330275229358,
        "train_auroc": 0.9799608265942769,
        "valid_auroc": 0.9818819422817399,
        "train_auprc": 0.752935876004856,
        "valid_auprc": 0.7137878038035749
    },
    "13": {
        "train_loss": 0.0820934851347965,
        "valid_loss": 0.07508808550321394,
        "train_accuracy": 0.9643901599862378,
        "valid_accuracy": 0.968348623853211,
        "train_auroc": 0.9808081148342966,
        "valid_auroc": 0.9871794871794872,
        "train_auprc": 0.7635557257770847,
        "valid_auprc": 0.8341426886932246
    },
    "14": {
        "train_loss": 0.07883713314187353,
        "valid_loss": 0.07673941485376821,
        "train_accuracy": 0.9663971558002179,
        "valid_accuracy": 0.9688073394495413,
        "train_auroc": 0.9805197488228743,
        "valid_auroc": 0.9872865410567839,
        "train_auprc": 0.7773967734457006,
        "valid_auprc": 0.8450004376360042
    },
    "15": {
        "train_loss": 0.07704614540630013,
        "valid_loss": 0.07401770384361346,
        "train_accuracy": 0.9682894661391135,
        "valid_accuracy": 0.968348623853211,
        "train_auroc": 0.982427177786729,
        "valid_auroc": 0.9880618706529637,
        "train_auprc": 0.7907438393496623,
        "valid_auprc": 0.8448848682244221
    },
    "16": {
        "train_loss": 0.07473998112998305,
        "valid_loss": 0.08802410742888848,
        "train_accuracy": 0.968576179826825,
        "valid_accuracy": 0.9665137614678899,
        "train_auroc": 0.9825287953841898,
        "valid_auroc": 0.9886166043807744,
        "train_auprc": 0.7929634131780132,
        "valid_auprc": 0.8705861693902813
    },
    "17": {
        "train_loss": 0.07236446368161344,
        "valid_loss": 0.082580983483543,
        "train_accuracy": 0.9705831756408051,
        "valid_accuracy": 0.9715596330275229,
        "train_auroc": 0.9845502070312253,
        "valid_auroc": 0.9830854873871068,
        "train_auprc": 0.8099293830675175,
        "valid_auprc": 0.85688388525764
    },
    "18": {
        "train_loss": 0.07076010288820214,
        "valid_loss": 0.07389239139027065,
        "train_accuracy": 0.9701817764780091,
        "valid_accuracy": 0.9669724770642202,
        "train_auroc": 0.9839324107113598,
        "valid_auroc": 0.9858267154572823,
        "train_auprc": 0.81950272200213,
        "valid_auprc": 0.8626510273934056
    },
    "19": {
        "train_loss": 0.06635107838270003,
        "valid_loss": 0.06949074887153175,
        "train_accuracy": 0.9732782843052927,
        "valid_accuracy": 0.9720183486238532,
        "train_auroc": 0.9862077391392313,
        "valid_auroc": 0.9829070642582788,
        "train_auprc": 0.8435064637603319,
        "valid_auprc": 0.887171460710606
    },
    "20": {
        "train_loss": 0.06880569675543012,
        "valid_loss": 0.06729487878166968,
        "train_accuracy": 0.9720740868169047,
        "valid_accuracy": 0.9743119266055046,
        "train_auroc": 0.9854296037860163,
        "valid_auroc": 0.9897033634381812,
        "train_auprc": 0.8368909889312457,
        "valid_auprc": 0.9028782930812476
    },
    "21": {
        "train_loss": 0.06770331377204317,
        "valid_loss": 0.06544241283295883,
        "train_accuracy": 0.9740237398933425,
        "valid_accuracy": 0.9747706422018348,
        "train_auroc": 0.9866092736718116,
        "valid_auroc": 0.9906052112529845,
        "train_auprc": 0.8559646258241572,
        "valid_auprc": 0.8873686608726143
    },
    "22": {
        "train_loss": 0.05966248571274489,
        "valid_loss": 0.0757171682909959,
        "train_accuracy": 0.976489477607661,
        "valid_accuracy": 0.9692660550458716,
        "train_auroc": 0.9893404819472802,
        "valid_auroc": 0.9879580608325547,