{
    "1": {
        "train_loss": 0.3069235098405476,
        "valid_loss": 0.2757500716381603,
        "train_accuracy": 0.9173117724640174,
        "valid_accuracy": 0.9302752293577982,
        "train_auroc": 0.4995814952777585,
        "valid_auroc": 0.5230279378179176,
        "train_auprc": 0.068468867556258,
        "valid_auprc": 0.08571212799077235
    },
    "2": {
        "train_loss": 0.2512030122380187,
        "valid_loss": 0.2494846781094869,
        "train_accuracy": 0.9305579448362865,
        "valid_accuracy": 0.9302752293577982,
        "train_auroc": 0.5731660949553096,
        "valid_auroc": 0.7975059690646735,
        "train_auprc": 0.09457795894926077,
        "valid_auprc": 0.1981105711866662
    },
    "3": {
        "train_loss": 0.19140713389990102,
        "valid_loss": 0.14629538957443503,
        "train_accuracy": 0.9300992029359482,
        "valid_accuracy": 0.9302752293577982,
        "train_auroc": 0.8565861484172588,
        "valid_auroc": 0.9574671701442957,
        "train_auprc": 0.31203181831339666,
        "valid_auprc": 0.5220681507645226
    },
    "4": {
        "train_loss": 0.1263081368847485,
        "valid_loss": 0.10151584239469634,
        "train_accuracy": 0.9397901255805953,
        "valid_accuracy": 0.9577981651376147,
        "train_auroc": 0.9521202000314672,
        "valid_auroc": 0.9732981677566699,
        "train_auprc": 0.5466676101590859,
        "valid_auprc": 0.6263551348808
    },
    "5": {
        "train_loss": 0.10759817887723011,
        "valid_loss": 0.10737598997851212,
        "train_accuracy": 0.9487929353747347,
        "valid_accuracy": 0.9555045871559633,
        "train_auroc": 0.9659390229282274,
        "valid_auroc": 0.9771845479082322,
        "train_auprc": 0.6044767530776891,
        "valid_auprc": 0.6382959697061005
    },
    "6": {
        "train_loss": 0.09787742331297729,
        "valid_loss": 0.10350865498185158,
        "train_accuracy": 0.9536670680658295,
        "valid_accuracy": 0.9486238532110092,
        "train_auroc": 0.9709290728506071,
        "valid_auroc": 0.9765097840755735,
        "train_auprc": 0.6462081084715592,
        "valid_auprc": 0.6327743329525558
    },
    "7": {
        "train_loss": 0.09834884675423594,
        "valid_loss": 0.09004963644676739,
        "train_accuracy": 0.9568782613681978,
        "valid_accuracy": 0.9614678899082569,
        "train_auroc": 0.9709804922708546,
        "valid_auroc": 0.9830660230457802,
        "train_auprc": 0.6603413333965594,
        "valid_auprc": 0.6924838087424476
    },
    "8": {
        "train_loss": 0.09366914374332358,
        "valid_loss": 0.09859852658377753,
        "train_accuracy": 0.9582544870692127,
        "valid_accuracy": 0.9614678899082569,
        "train_auroc": 0.9748425715958818,
        "valid_auroc": 0.984983260666459,
        "train_auprc": 0.6893519639390272,
        "valid_auprc": 0.7580194781052224
    },
    "9": {
        "train_loss": 0.08302170641883447,
        "valid_loss": 0.08734766062763002,
        "train_accuracy": 0.9638167326108148,
        "valid_accuracy": 0.9701834862385321,
        "train_auroc": 0.9785119235045929,
        "valid_auroc": 0.9870432367902003,
        "train_auprc": 0.7597297916887784,
        "valid_auprc": 0.818176968074855
    },
    "10": {
        "train_loss": 0.08035401139326774,
        "valid_loss": 0.07019094946897692,
        "train_accuracy": 0.9641607890360686,
        "valid_accuracy": 0.9697247706422019,
        "train_auroc": 0.9816572349388675,
        "valid_auroc": 0.9899563998754282,
        "train_auprc": 0.7750422026757112,
        "valid_auprc": 0.8881622107275765
    },
    "11": {
        "train_loss": 0.08132805139587744,
        "valid_loss": 0.08871246481107341,
        "train_accuracy": 0.9650782728367452,
        "valid_accuracy": 0.9591743119266055,
        "train_auroc": 0.9808416990177339,
        "valid_auroc": 0.987062701131527,
        "train_auprc": 0.7816940816058511,
        "valid_auprc": 0.8651659300008703
    },
    "12": {
        "train_loss": 0.07599687685061546,
        "valid_loss": 0.076525062115656,
        "train_accuracy": 0.9692642926773324,
        "valid_accuracy": 0.9697247706422019,
        "train_auroc": 0.9829006130029408,
        "valid_auroc": 0.9883538357728642,
        "train_auprc": 0.8113378807830725,
        "valid_auprc": 0.8544419675316454
    },
    "13": {
        "train_loss": 0.07375409879660519,
        "valid_loss": 0.06359934248030186,
        "train_accuracy": 0.9696656918401284,
        "valid_accuracy": 0.9743119266055046,
        "train_auroc": 0.983741998568296,
        "valid_auroc": 0.9912767310287554,
        "train_auprc": 0.8236234681606345,
        "valid_auprc": 0.907554982582986
    },
    "14": {
        "train_loss": 0.0695292144524355,
        "valid_loss": 0.07264048068059815,
        "train_accuracy": 0.9697230345776707,
        "valid_accuracy": 0.9688073394495413,
        "train_auroc": 0.9847134210742177,
        "valid_auroc": 0.9882013650991384,
        "train_auprc": 0.8308181665593487,
        "valid_auprc": 0.8682897354963658
    },
    "15": {
        "train_loss": 0.06731745142516864,
        "valid_loss": 0.07011609545184506,
        "train_accuracy": 0.9727621996674122,
        "valid_accuracy": 0.9697247706422019,
        "train_auroc": 0.9870491755897127,
        "valid_auroc": 0.9890934807432783,
        "train_auprc": 0.8530509532617924,
        "valid_auprc": 0.8827259743516077
    },
    "16": {
        "train_loss": 0.06610024955640309,
        "valid_loss": 0.12273222363243501,
        "train_accuracy": 0.97471185274385,
        "valid_accuracy": 0.9697247706422019,
        "train_auroc": 0.9847098336728047,
        "valid_auroc": 0.9912605107443164,
        "train_auprc": 0.8618014104537738,
        "valid_auprc": 0.8950473040402391
    },
    "17": {
        "train_loss": 0.06602575674816205,
        "valid_loss": 0.06936503532860014,
        "train_accuracy": 0.9744251390561386,
        "valid_accuracy": 0.9779816513761468,
        "train_auroc": 0.9872041716847882,
        "valid_auroc": 0.9917471192774837,
        "train_auprc": 0.8490636676325283,
        "valid_auprc": 0.9075081033443733
    },
    "18": {
        "train_loss": 0.06203719524897798,
        "valid_loss": 0.06501415635769565,
        "train_accuracy": 0.9762601066574919,
        "valid_accuracy": 0.976605504587156,
        "train_auroc": 0.9883597729057869,
        "valid_auroc": 0.9907868784387004,
        "train_auprc": 0.8720351749636059,
        "valid_auprc": 0.8971031179063804
    },
    "19": {
        "train_loss": 0.06398926784087272,
        "valid_loss": 0.06150455270997352,
        "train_accuracy": 0.9745398245312231,
        "valid_accuracy": 0.9761467889908257,
        "train_auroc": 0.9855121903461959,
        "valid_auroc": 0.9897844648603757,
        "train_auprc": 0.8635380505574453,
        "valid_auprc": 0.9102524723308999
    },
    "20": {
        "train_loss": 0.062682446139953,
        "valid_loss": 0.06258150635080205,
        "train_accuracy": 0.9771202477206262,
        "valid_accuracy": 0.9752293577981651,
        "train_auroc": 0.9881296194789891,
        "valid_auroc": 0.9905597944565555,
        "train_auprc": 0.8640733654608516,
        "valid_auprc": 0.903143147043509
    },
    "21": {
        "train_loss": 0.058965122653511316,
        "valid_loss": 0.08956235243628423,
        "train_accuracy": 0.9777510178335914,
        "valid_accuracy": 0.9692660550458716,
        "train_auroc": 0.989706956627757,
        "valid_auroc": 0.9920325962836085,
        "train_auprc": 0.8831559890064625,
        "valid_auprc": 0.9068229133346363
    },
    "22": {
        "train_loss": 0.053983891926651456,
        "valid_loss": 0.10322914127674368,
        "train_accuracy": 0.9806181547107059,
        "valid_accuracy": 0.9688073394495413,
        "train_auroc": 0.99071112371253,
        "valid_auroc": 0.9828129866085331,