{
    "1": {
        "train_loss": 0.28911180424429206,
        "valid_loss": 0.28890564541021985,
        "train_accuracy": 0.9194907964906245,
        "valid_accuracy": 0.9302752293577982,
        "train_auroc": 0.5702208892806817,
        "valid_auroc": 0.8065601318384719,
        "train_auprc": 0.07922319205511665,
        "valid_auprc": 0.21286350292817044
    },
    "2": {
        "train_loss": 0.19587983027861935,
        "valid_loss": 0.4592798666821586,
        "train_accuracy": 0.9300992029359482,
        "valid_accuracy": 0.8876146788990825,
        "train_auroc": 0.8468914123614627,
        "valid_auroc": 0.9524323938544585,
        "train_auprc": 0.2710375505013487,
        "valid_auprc": 0.4719716822805562
    },
    "3": {
        "train_loss": 0.1299845048763456,
        "valid_loss": 0.10939534960521592,
        "train_accuracy": 0.9364069040656001,
        "valid_accuracy": 0.9458715596330275,
        "train_auroc": 0.9489632867883689,
        "valid_auroc": 0.9689770839821448,
        "train_auprc": 0.5116916748866424,
        "valid_auprc": 0.5779278211533864
    },
    "4": {
        "train_loss": 0.11673063072409944,
        "valid_loss": 0.10928481196363767,
        "train_accuracy": 0.9460978267102471,
        "valid_accuracy": 0.9495412844036697,
        "train_auroc": 0.9583134796531751,
        "valid_auroc": 0.9734344181459565,
        "train_auprc": 0.571349586829229,
        "valid_auprc": 0.5941928623953052
    },
    "5": {
        "train_loss": 0.10473265216080811,
        "valid_loss": 0.1247653104364872,
        "train_accuracy": 0.9517747577269339,
        "valid_accuracy": 0.941743119266055,
        "train_auroc": 0.9681932085860715,
        "valid_auroc": 0.9751699885809197,
        "train_auprc": 0.6334293061841882,
        "valid_auprc": 0.6117572310435402
    },
    "6": {
        "train_loss": 0.09892182715617827,
        "valid_loss": 0.1077732742867536,
        "train_accuracy": 0.9556167211422674,
        "valid_accuracy": 0.9545871559633028,
        "train_auroc": 0.9704457913624329,
        "valid_auroc": 0.9787806238970206,
        "train_auprc": 0.6544790360766203,
        "valid_auprc": 0.6802743077376235
    },
    "7": {
        "train_loss": 0.09414215252673538,
        "valid_loss": 0.11398631003167894,
        "train_accuracy": 0.9590572853948047,
        "valid_accuracy": 0.9440366972477064,
        "train_auroc": 0.9749429933928717,
        "valid_auroc": 0.9797862815322329,
        "train_auprc": 0.6689467972410499,
        "valid_auprc": 0.6729282598072137
    },
    "8": {
        "train_loss": 0.09707316606693024,
        "valid_loss": 0.10124856957958804,
        "train_accuracy": 0.9568782613681978,
        "valid_accuracy": 0.9577981651376147,
        "train_auroc": 0.9727926897206142,
        "valid_auroc": 0.978997975708502,
        "train_auprc": 0.668859253938047,
        "valid_auprc": 0.630795177209409
    },
    "9": {
        "train_loss": 0.08771948619698086,
        "valid_loss": 0.09078625796569718,
        "train_accuracy": 0.9627845633350536,
        "valid_accuracy": 0.9587155963302753,
        "train_auroc": 0.9750496995029744,
        "valid_auroc": 0.9810741721166822,
        "train_auprc": 0.7061670925336268,
        "valid_auprc": 0.7052153304289361
    },
    "10": {
        "train_loss": 0.08602059858232519,
        "valid_loss": 0.0903497063037422,
        "train_accuracy": 0.9617523940592924,
        "valid_accuracy": 0.9623853211009175,
        "train_auroc": 0.9784991004527354,
        "valid_auroc": 0.9823653067580194,
        "train_auprc": 0.6993709707626501,
        "valid_auprc": 0.7152483941479034
    },
    "11": {
        "train_loss": 0.08546025218972325,
        "valid_loss": 0.10860877256426546,
        "train_accuracy": 0.9634153334480188,
        "valid_accuracy": 0.9380733944954128,
        "train_auroc": 0.9769301593498264,
        "valid_auroc": 0.9822095920274058,
        "train_auprc": 0.7140510944614739,
        "valid_auprc": 0.7165362837348214
    },
    "12": {
        "train_loss": 0.0853506450670479,
        "valid_loss": 0.09708587111284335,
        "train_accuracy": 0.96444750272378,
        "valid_accuracy": 0.9555045871559633,
        "train_auroc": 0.9781267739827197,
        "valid_auroc": 0.9792996729990657,
        "train_auprc": 0.7229659837437534,
        "valid_auprc": 0.6585071841710259
    },
    "13": {
        "train_loss": 0.08030258371990963,
        "valid_loss": 0.08938220308886634,
        "train_accuracy": 0.9649635873616607,
        "valid_accuracy": 0.9568807339449541,
        "train_auroc": 0.9793863844021211,
        "valid_auroc": 0.9817327156649018,
        "train_auprc": 0.7285110209099206,
        "valid_auprc": 0.7382724772265328
    },
    "14": {
        "train_loss": 0.07848598250616205,
        "valid_loss": 0.08361452921397156,
        "train_accuracy": 0.968174780664029,
        "valid_accuracy": 0.9651376146788991,
        "train_auroc": 0.9813652051983431,
        "valid_auroc": 0.9815607806498495,
        "train_auprc": 0.734679158455871,
        "valid_auprc": 0.7509735955879714
    },
    "15": {
        "train_loss": 0.07683318535233066,
        "valid_loss": 0.08192103971830672,
        "train_accuracy": 0.968002752451402,
        "valid_accuracy": 0.9688073394495413,
        "train_auroc": 0.9818384877591755,
        "valid_auroc": 0.9847302242292121,
        "train_auprc": 0.7574094595956391,
        "valid_auprc": 0.7460433424336801
    },
    "16": {
        "train_loss": 0.07687094573774476,
        "valid_loss": 0.08465823106881645,
        "train_accuracy": 0.9683468088766558,
        "valid_accuracy": 0.9655963302752294,
        "train_auroc": 0.9806918932055532,
        "valid_auroc": 0.9842079310702792,
        "train_auprc": 0.7492178869025474,
        "valid_auprc": 0.7328674969144635
    },
    "17": {
        "train_loss": 0.07378530858533226,
        "valid_loss": 0.08163489577256972,
        "train_accuracy": 0.968977578989621,
        "valid_accuracy": 0.9642201834862385,
        "train_auroc": 0.9837414388319055,
        "valid_auroc": 0.9843571576871172,
        "train_auprc": 0.7785896963235608,
        "valid_auprc": 0.7777797616637806
    },
    "18": {
        "train_loss": 0.07154108877599674,
        "valid_loss": 0.09938148057295217,
        "train_accuracy": 0.9694936636275016,
        "valid_accuracy": 0.9655963302752294,
        "train_auroc": 0.9846154417632961,
        "valid_auroc": 0.9748812675179072,
        "train_auprc": 0.7984087309017623,
        "valid_auprc": 0.7582226068027305
    },
    "19": {
        "train_loss": 0.06984861155659178,
        "valid_loss": 0.0906010161464413,
        "train_accuracy": 0.9705258329032628,
        "valid_accuracy": 0.9669724770642202,
        "train_auroc": 0.9857639699517222,
        "valid_auroc": 0.9829103083151667,
        "train_auprc": 0.79177130054855,
        "valid_auprc": 0.7634225909598426
    },
    "20": {
        "train_loss": 0.06964495975225077,
        "valid_loss": 0.08720719545251793,
        "train_accuracy": 0.9717300303916508,
        "valid_accuracy": 0.9605504587155963,
        "train_auroc": 0.985850932632774,
        "valid_auroc": 0.982193371742967,
        "train_auprc": 0.7831663020222299,
        "valid_auprc": 0.7932530875015256
    },
    "21": {
        "train_loss": 0.06898191965518206,
        "valid_loss": 0.07666463332457675,
        "train_accuracy": 0.972934227880039,
        "valid_accuracy": 0.9637614678899082,
        "train_auroc": 0.9852000100956091,
        "valid_auroc": 0.985755346205751,
        "train_auprc": 0.8172339234861906,
        "valid_auprc": 0.7858054675954
    },
    "22": {
        "train_loss": 0.06564423001378122,
        "valid_loss": 0.07577591637770335,
        "train_accuracy": 0.9740237398933425,
        "valid_accuracy": 0.9706422018348624,
        "train_auroc": 0.9864922378810457,
        "valid_auroc": 0.9866409737361155,